Year,Petitioner,Respondent
1950,PANNALAL JANKIDAS,MOHANLAL AND ANOTHER.
1950,EXECUTORS OF THE ESTATE OF J.K. DUBASH,"COMMISSIONER OF INCOME TAX, BOMBAYCITY."
1950,DHIYAN SINGH AND ANOTHER,JUGAL KISHORE AND ANOTHER.
1951,RAJA BRAJA SUNDAR DEB,MONI BEHARA AND OTHERS
1951,RAM DHAN LAL AND OTHERS.,RADHE SHAM AND OTHERS
1951,THE STATE OF MADRAS,SRIMATHI CHAMPAKAM DORAIRAJANandTHE STATE OF MADRASv.C.R.
1951,SREE SREE ISWAR GOPAL JIEU THAKUR,PRATAPMAL BAGARIA AND OTHERS.(Civil Appeal No. 95 of 1949)
1951,EASTERN INVESTMENTS LTD.,"COMMISSIONER OF INCOME-TAX,WEST BENGAL."
1951,THE UNITED COMMERCIAL BANK LTD.,THEIR WORKMEN(and other cases)UNION  OF INDIA--Intervener.
1952,"In re THE EDITOR, PRINTER ANDPUBLISHER OF""THE TIMES OF IND",ARABINDA BOSE AND ANOTHER.
1952,CHHOTABRAI JETHABAI PATEL AND CO.,THE STATE OF MADHYA PRADESH(and other cases)
1952,"STRAWBOARD MANUFACTURING CO., LTD.",GUTTA MILL WORKERS' UNION.THE STATE OF U. P: INTERVENER.
1952,"WORKERS OF THE INDUSTRY COLLIERY,DHANBAD",MANAGEMENT OF THE INDUSTRYCOLLIERY.
1952,MOHANLAL GOENKA,BENOY KRISHNA MUKHERJEEAND OTHERS.
1952,SHA MULCHAND & CO.  LTD.(IN LIQUIDATION),JAWAHAR MILLS LTD.
1953,THE UNION OF INDIA,MADAN GOPAL KABRA.
1953,RAJA KULKARNI AND OTHERS,THE STATE OF BOMBAY.
1953,THE STATE OF WEST BENGAL,SHAIKH SERAJUDDIN BATLEY.UNION OF INDIA: INTRVENER
1953,COMMISSIONER OF INCOME-TAXBOMBAY CITY,ROYAL WESTERN INDIA TURF CLUB LTD.
1953,"DEPUTY COMMISSIONER, HARDOI",RAMA KRISHNA NARAIN AND OTHERS.
1953,SIDHESHWAR MUKHERJEE,BHUBNESHWAR PRASAD NARAINSINGH AND OTHERS.
1954,THE BENGAL IMMUNITY COMPANY LIMITED,THE STATE OF BIHAR AND OTHERS.
1954,"MUIR MILLS CO., LTD.","SUTI MILLS MAZDOOR UNION, KANPUR."
1954,SHRI AUDH BEHARI SINGH,GAJADHAR JAIPURIA AND OTHERS.
1954,SRI MONOHAR DAS MOHANTA,CHARU CHANDRA PAL AND OTHERS.
1954,"CHHOTE	KHAN, DECEASED, REPRESENTED BY HIS SON, HARMAT,	 AN",MAL KHAN AND OTHERS.
1954,ASSAM BENGAL CEMENT CO.	 LTD.,"THE COMMISSIONER OF INCOME-TAX,WEST BENGAL"
1955,SHRI VIRINDAR KUMAR SATYAWADI,THE STATE OF PUNJAB.
1955,MERLA RAMANNA,NALLAPARAJU AND OTHERS.
1955,"THE DIVISIONAL ENGINEER, G.I.P.	 RAILWAY",MAHADEO RAGHOO AND ANOTHER.
1955,THE COLLECTOR OF BOMBAY,NUSSERWANJI RATTANJI MISTRI & OTHERS.
1955,THE STATE OF BIHAR,KUMAR AMAR SINGH AND OTHERS(And connected Appeal)
1955,SAHU MADHO DAS AND OTHERS,PANDIT MUKAND RAM AND ANOTHER(and connected Appeal)
1956,SURENDRA NATH KHOSLA,DALIP SINGH
1956,VIKRAMA DAS MAHANT,DAULAT RAM ASTHANA & ORS.
1956,A.   M. ALLISON,B. L. SEN(and connected appeal)
1956,PUNJAB NATIONAL BANK Ltd.,"SRI RAM KANWAR, INDUSTRIAL TRIBUNAL,DELHI."
1956,P.   LAKSHMI REDDY,L. LAKSHMI REDDY
1956,BANARAS ICE FACTORY LIMITED,ITS WORKMEN
1957,DR. N. B. KHARE,ELECTION COMMISSION OF INDIA
1957,MENAKURU DASARATHARAMI REDDI,DUDDUKURU SUBBA RAO
1957,JAGANNATH BEHERA AND OTHERS,RAJA HARIHAR SINGHMARDARAJ BHRAMARBARA ROY
1957,INDU BHUSAN CHATTERJEE,THE STATE OF WEST BENGAL
1957,THE STATE OF UTTAR PRADESH,"M/S.  SWADESHI COTTON MILLS CO., LTD.,AND ANOTHER(and conn"
1957,NANI GOPAL BISWAS,THE MUNICIPALITY OF HOWRAH
1958,S.   B. ADITYAN,S. KANDASWAMI AND OTHERS
1958,GUMMALAPURA TAGGINA MATADAKOTTURUSWAMI,SETRA VEERAVVA AND OTHERS
1958,HAJI MOHAMMAD EKRAMUL HAQ,THE STATE OF WEST BENGAL
1958,THE STATE OF RAJASTHAN,SHRI G. CHAWLA AND DR.	POHUMAL
1958,SETH BADRI PRASAD AND OTHERS,SETH NAGARMAL AND OTHERS
1958,CHAUBE JAGDISH PRASAD AND ANOTHER,GANGA PRASAD CHATURVEDI
1959,STATE OF MADHYA PRADESH & ORS.,SHARDUL SINGH
1959,THE UNION OF INDIA & OTHERS,MESSRS.	 BHANA MAL GULZARI MALAND OTHERS
1959,RATHOD BHIMJIBHAI MASRUBHAI RAJPUT AND ANOTHER,THE STATE OF BOMBAY AND OTHERS.
1959,MST.  RUKHMABAI,LALA LAXMINARAYAN AND OTHERS
1959,CT. A. CT.  NACHIAPPA CHETTIAR AND OTHERS,CT. A. CT.  SUBRAMANIAM CHETTIAR
1959,SHRI BHASKAR WAMAN JOSHI (deceased)AND OTHERS,SHRI NARAYAN RAMBILAS AGARWAL(deceased) AND OTHERS
1960,NARAIN DAS,THE STATE OF UTTAR PRADESH
1960,THE UPPER GANGES SUGAR MILLS LTD.,KHALIL-UL-RAHMAN AND OTHERS.
1960,THE BULLION AND GRAIN EXCHANGE LTD.  AND OTHERS,THE STATE OF PUNJAB
1960,DESHRAJ,AKHTAR HUSSAIN
1960,GODAVARI SUGAR MILLS LTD.,"KEPARGAON TALUKA SAKHAR KAMGARSABHA, SAKARWADI"
1960,THE STATE OF ORISSA AND ANOTHER,RAM NARAYAN DAS
1961,JETHA NAND,THE HON'BLE JUDGES OF THE PUNJAB HIGH COURT
1961,M/S.  J. K. JUTE MILLS CO.  LTD.,THE STATE OF UTTAR PRADESH AND ANOTHER
1961,MALIK RAM,STATE OF RAJASTHAN
1961,"ABDUI, GAFOOR",STATE OF MYSORE
1961,R.P. KAPUR,PRATAP SINGH KAIRON AND OTHERS
1961,HIRALAL PATNI,LOONKARAM SETHIYA & OTHERS
1962,RAJA BAHADUR DHANRAJ GIRJI,RAJA P. PARTHASARATHY RAYANIMVARU  AND OTHERS.
1962,GOUR CHANDRA ROUT & ANOTHER,"THE PUBLIC PROSECUTOR, CUTTACK"
1962,ESTHURI ASWATHIAH,"COMMISSIONER OF INCOME-TAX, MYSORE"
1962,V. S. MENON,UNION OF INDIA
1962,"MUNICIPAL BOARD, PUSHKAR","STATE TRANSPORT AUTHORITY,RAJASTHAN AND ORS."
1962,M/S.  WILLIAM JACKS & CO.  LTD.,THE STATE OF BIHAR
1963,THE CANARA BANK LTD.,ANANT NARAYAN SURKUND AND OTHERS
1963,VIDYACHARAN SHUKLA,KHUBCHAND BAGHEL AND OTHERS
1963,SAIT NAGJEE PURUSHOTHAM AND CO.,"COMMISSIONER OF INCOME-TAX, MADRAS"
1963,JABAR SINGH,GENDA LAL
1963,BOMBAY UNION OF JOURNALISTS & ORS.,"THE STATE OF BOMBAY & ANR,"
1963,PODAR PLASTICS(P) LTD,ITS WORKMEN
1964,SPECIAL REFERENCE NO. 1 OF 1964,STATE OF PUNJAB
1964,A.   VENKATA SUBBA RAO,STATE OF ANDHRA PRADESH(With Connected Appeals)
1964,A.   HAJEE ABDUL SHAKOOR AND COMPANY,STATE OF MADRAS
1964,"COMMISSIONER OF INCOME-TAX, PUNJAB",R.   D. AGGARWAL & COMPANY
1964,P.   VAJRAVELU MUDALIAR,"SPECIAL DEPUTY COLLECTOR, MADRAS & ANR."
1964,"COMMISSIONER OF INCOME-TAX, MADRAS",ANDHRA CHAMBER OF COMMERCE
1965,THE STATE OF MYSORE,"PADMANABHACHARYA ETC.[P.    B.	 GAJENDRAGADKAR,   C.J.,  K"
1965,"COMMISSIONER OF INCOME-TAX, DELHI AND RAJASTHAN",M/S.  BHARAT CARBON AND RIBBON MANUFACTURING CO.
1965,STATE OF UTTAR PRADESH,RAJA YADVENDRA DUTT DUBE
1965,JAGANNATH MISRA,STATE OF ORISSA
1965,"DIVISIONAL PERSONNEL OFFICER, SOUTHER RAILWAY",S.RAGHAVENDRACHAR
1965,MASTER CONSTRUCTION CO. (P) LTD.,STATE OF ORISSA AND ANOTHER
1966,BANK OF BARODA,RAJENDER PAL SONI
1966,H.   B. YESHWANT RAO GHORPADE,"THE COMMISSIONER OF WEALTH TAX, BANGALORE"
1966,RAMCHANDRA AGGARWAL AND ANR.,STATE OF UTTAR PRADESH & ANR.
1966,STATE OF BIHAR,S. K. ROY
1966,STATE OF MADHYA PRADESH,SHOBHARAM AND ORS.
1966,KALARIMADATHIL UNNI,STATE OF KERALA
1967,RAM ADHAR SINGH,RAMROOP SINGH & ORS.
1967,"COMMISSIONER OF INCOME-TAX, BOMBAY",CIBA OF INDIA LTD.
1967,S. SANKAPPA AND OTHERS,"THE INCOME-TAX OFFICER, CENTRAL CIRCLE II,BANGALORE"
1967,ANAND PARKASH SAKSENA,UNION OF INDIA & ORS.
1967,"ASSOCIATED HOTELS OF INDIA LTD., DELHI",S.   B. SARDAR RANJIT SINGH
1967,"COMMISSIONER OF INCOME-TAX, BOMBAY","JUBILEE MILLS LTD., BOMBAY"
1968,IN THE MATTER OF MADHU LIMAYE & ORS.,STATE OF PUNJAB
1968,ARBIND KUMAR SINGH,NAND KISHORE PRASAD & ORS.
1968,KARNESH KUMAR SINGH & ORS.,THE STATE OF UTTAR PRADESH
1968,STATE OF BIHAR & ANR.,MAHARAJA PRATAP SINGH BAHADUR
1968,DHULABHAI AND OTHERS,THE STATE OF MADHYA PRADESH AND ANOTHER
1968,KESHAVLAL JETHALAL SHAH,MOHANLAL BHAGWANDAS & ANR.
1969,CHANDRA PRAKASH AGARWAL,CHATURBHUJ DAS PARIKH & ORS.
1969,DEWAN SINGH,CHAMPAT SINGH & ORS.
1969,NARENDRAJIT SINGH ANR.,STATE OF U.P. & ANR.
1969,"GENERAL MANAGER, EASTERN RAILWAY ANDANOTHER.",JAWALA PRASAD SINGH
1969,MEHARBANSINGH AND OTHERS,NARESHSINGH AND OTHERS
1969,NAVALKHA & SONS,SRI RAMANYA DAS & ORS.
1970,APPAR APAR SINGH,"THE STATE OF PUNJAB AND OTHERS,"
1970,CHAMAN LAL,THE STATE OF PUNJAB
1970,SIDDANNA APPARAO PATIL,STATE OF MAHARASHTRA
1970,KANPUR SUGAR WORKS LTD.,STATE OF BIHAR & ORS.
1970,PUNITHAVALLI AMMAL,RAMALINGAM (MINOR) AND ANR
1970,SUSHIL KUMAR GUPTA,JOY SHANKAR BHATTACHARYYA
1971,UNION OF INDIA,SARDAR BAHADUR
1971,K.   H. PHADNIS,STATE OF MAHARASHTRA
1971,AHMEDABAD MUNICIPAL CORPORATION OF THE CITY  OF AHMEDABAD,HAJI ABDULGAFUR HAJI HUSSENBHAI
1971,PERCY RUSTAM BASTA,STATE OF MAHARASHTRA
1971,KRISHNA BIHARILAL,GULABCHAND AM ORS.
1971,SHEIKHUPURA TRANSPORT CO.  LTD.,NORTHERN INDIA TRANSPORT INSURANCE CO.
1972,S.N.PALLEGAL,STATE OF MYSORE
1972,UNION OF INDIA,SRI SARADA MILLS LTD.
1972,"BARSI MUNICIPAL COUNCIL BARSI, DISTRICT DHOLAPUR","LOKAMANYA MILLS, BARSI, LTD., BARSI AND ANOTHER(With Connec"
1972,DR. JIWAN LAL & ORS.,BRIJ MOHAN MEHRA & ANR.
1972,LAXMI & CO,DR. ANANT R. DESHPANDE & ANR.
1972,RAJKUMAR DEVINDRA SINGH & ANR.,STATE OF PUNJAB & OTHERS
1973,RAVAL & CO.,K. C. RAMACHANDRAN & ORS.
1973,STATE OF PUNJAB AND ANR.,KHAN CHAND
1973,STATE OF RAJASTHAN AND ORS.,SAJJANLAL PANJAWAT & ORS.
1973,"STATE OF UTTAR, PRADESH",BANSI DHAR AND OTHERS
1973,KATIKARA CHINTAMANI DORA & ORS.,GUNTREDDI ANNAMNAIDU & ORS.
1973,SAPPANI MOHAMED MOHIDEEN & ANR.,R. V. SETHUSUBRAMANIA PILLAI & ORS.
1974,JIWAN SINGH,RAJENDRA PRASAD AND ANR.
1974,N.   KRISHNAIH SETTY,GOPALAKRISHNA & ORS.
1974,MARUTI BALA RAUT,DASHRATH BABU WATHARE & ORS.
1974,KARTAR SINGH (MINOR) THROUGH GUARDIAN BACHAN SINGH,SURJAN SINGH (DEAD) AND ORS.
1974,KUJU COLLIERIES LTD.,JHARKHAND MINES LTD. & ORS.
1974,ASHO DEVI,DUKHI SAO & ANR.
1975,LEGAL REMEMBRANCER OF GOVT. OF WEST BENGAL,HARIDAS MUNDRA
1975,STATE OF MADHYA PRADESH & ANR.,SHRI RAMESHWAR PRASAD (DEAD) BY L.RS.
1975,MOHD. FAISUDDIN KHAN,GOVT. OF INDIA & ORS.
1975,JOINT SECRETARY TO THE GOVERNMENT OF INDIA & ORS.,KHILLU RAM AND ANR.
1975,JAMILABAI ABDUL KADAR,SHANKERLAL GULABCHAND & ORS.
1975,THE INDIA SUGARS & REFINERIES LTD.,AMRAVATHI SERVICE CO-OPERATIVE SOCIETY LTD.
1976,KUMARI K.S. JAYASREE & ANR.,THE STATE OF KERALA & ANR.
1976,UNION OF INDIA,STATE OF PUNJAB
1976,MOHD. YASIN SHAH,ALI AKBAR KHAN
1976,SANTA SINGH,STATE OF PUNJAB
1976,GURDIT SINGH AND ORS. ETC.,MUNSHA SINGH AND ORS. ETC.
1976,STATE OF BIHAR & ANR. ETC.,KHAS KARANPURA COLLIERIES LTD. ETC.
1977,STATE OF KARNATAKA,UNION OF INDIA & ANOTHER
1977,MURARKA PROPERTIES (P) LTD. & ANR.,BEHARILAL MURARKA AND OTHERS
1977,RAJENDRA PRASAD,STATE OF BIHAR
1977,BHAGABANDAS AGARWALLA,BHAGWANDAS KANU & ORS.
1977,JASRAJ INDER SINGH,HEM RAJ MULTAN CHAND
1977,MIRAN DEVI,BIRBAL DASS
1978,M. C. GUPTA ETC.,A. K. GUPTA & ORS. ETC.
1978,FAZALBHOY CURRIMBHOY ETC.,"OFFICIAL TRUSTEE OF MAHARASHTRA & ORS., ETC."
1978,MYSORE STATE ROAD TRANSPORT CORPORATIONBANGALORE,H.   VENKATARAMANAPPA
1978,NAND KISHORE PRASAD,STATE OF BIHAR AND ORS.
1978,STATE OF RAJASTHAN,RAO RAJA SARDAR SINGH
1978,LIFE INSURANCE CORPORATION OF INDIA,RAJMATA SAHEB CHOWHANJI & ORS.
1979,ODURU CHENCHULAKSHMAMMA AND ANR.,DUVVURU SUBRAMANYA REDDY
1979,UNION OF INDIA,JARDINE HENDERSON AND ORS. (AND VICE VERSA)
1979,JIT SINGH & ORS.,STATE OF PUNJAB & ORS.
1979,BABU NOORUL HASAN KHAN,RAM PRASAD SINGH & ORS.
1979,BHIM SINGH & ANR.,KAN SINGH(AND VICE VERSA)
1979,SRI KRISHNA SINGH,MATHURA AHIR AND ORS.
1980,ASHOK KUMAR,STATE (DELHI ADMN.)
1980,JIT RAM SHIV KUMAR & ORS ETC.,STATE OF HARYANA
1980,NARENDRA BAHADUR TANDON,SHANKERLAL (SINCE DECEASED) BY LRS. AND ANR.
1980,NASIR AHEMED,"ASSISTANT CUSTODIAN GENERAL, EVACUEE PROPERTY U.P., LUCKNOW"
1980,SADA KAUR,BAKHTAWAR SINGH AND ORS.
1980,RAJ KANTA,"FINANCIAL COMMISSIONER, PUNJAB AND ANR."
1981,HARNEK SINGH,STATE OF PUNJAB
1981,GANGABAI W/O RAMBILAS GILDA,CHHABUBAI W/O PUKHARAJJI GANDHI
1981,DIVISIONAL FOREST OFFICER,BISHWANATH TEA CO. LTD.
1981,BHAIYA RAMANUJ PRATAP DEO,LALU MAHESHANUJ PRATAP DEO & ORS. AND VICE VERSA
1981,LAJPAT RAI AND OTHERS,STATE OF PUNJAB AND OTHERS
1981,INDU BALA BOSE & ORS.,MANINDRA CHANDRA BOSE & ANR.
1982,"TRADE LINKS LTD., NEW DELHI AND ANR. ETC. ETC.",STATE OF UTTAR PRADESH AND ANR. ETC. ETC.
1982,M/S. PRECISION STEEL & ENGG.WORKS,PREM DEVA NIRANJAN DEVA TAYAL
1982,"MUNICIPAL COUNCIL, DAMOH",VRAJLAL MANILAL AND CO.
1982,"COMMISSIONER OF INCOME TAX, DELHI",DELHI SAFE DEPOSIT CO. LTD.
1982,SARDAR GOVINDRAO & ORS.,STATE OF MADHYA PRADESH & ORS.
1982,SYEDABAD TEA CO. LTD.,STATE OF BIHAR
1983,SPECIAL REFERENCE No. 1 OF 1983,STATE OF PUNJAB
1983,COMMISSIONER OF INCOME TAX,MAHENDRA MILLS
1983,BABU RAM,STATE OF U.P. .
1983,MOLEOD & CO.,STATE OF ORISSA
1983,STATE OF MYSORE ETC.,M. L. NAGADE AND GADAG & ORS.
1983,CHAND KUMAR KAPUR,CHIEF SETTLEMENT COMMISSIONER PUNJAB & ORS.
1984,UNION OF INDIA,STATE OF PUNJAB
1984,STATE OF KERALA,V. PADMANABHAN NAIR
1984,RAGHBIR SINGH,STATE OF HARYANA
1984,D. CAWASJI AND CO. MYSORE,THE STATE OF MYSORE AND ANR.
1984,SAYAJI MILLS LTD.,REGIONAL PROVIDENT FUND COMMISSIONER
1984,LIFE INSURANCE CORPORATION OF INDIA,RAJA VASIREDDY KOMALLAVALLI KAMBA & OTHERS
1985,DR. DINESH KUMAR & ORS.,MOTILAL NEHRU MEDICAL COLLEGE
1985,STATE OF MAHARASHTRA,NARAYANRAO SHAMRAO DESHMUKH .
1985,EXPRESS NEWSPAPERS PVT. LTD. & ORS.,UNION OF INDIA & ORS.
1985,DR. KOHLI AND ORS.,ATUL PRODUCTS LTD.
1985,STATE OF PUNJAB,SRI HARDYAL
1985,STATE OF BIHAR,BISHNU CHAND LAL CHAUDHARY AND ORS.
1986,"HEIR OF DECEASED MAHARAJ PURSHOTTAMLALJIMAHARAJ, JUNAGADCOL",STATE OF PUNJAB
1986,JARNAIL SINGH,STATE OF PUNJAB
1986,STATE OF H.P.,TARSEM SINGH
1986,A.S. SULOCHANA,C. DHARMALINGAM
1986,ROJASARA RAMJIBHAI DAHYABHAI,JANI NAROTTAMDAS LALLUBHAI (DEAD)BY LRS. & ANR.
1986,JAYANTRAO AMRATRAO PRADHAN,"PARTHASARTHY, COLLECTOR OF KAIRA DISTRICT AND OTHERS."
1987,R.B.I.,PEERLESS GENL. FIN. & INVEST.CO.
1987,HARI SHANKAR,BOARD OF REVENUE .
1987,PIARA SINGH,STATE OF PUNJAB
1987,B.K. MOHAPATRA,STATE OF ORlSSA
1987,"JAGAN@,JAGANNATH UMAJI",GOKULDAS HIRALAL TAWARI
1987,SKANDIA INSURANCE CO. LTD.,KOKILABEN CHANDRAVADAN & ORS.
1988,GURMESH PRAKASH BISHNOI,STATE OF HARYANA & ORS.
1988,VIJAY KUMAR,UNION OF INDIA .
1988,ASIAN PAINTS (INDIA) LTD.,"COLLECTOR OF CENTRAL EXCISE,BOMBAY"
1988,JAIPAL,STATE OF HARYANA
1988,JAGTAR SINGH,STATE OF PUNJAB
1988,EX. CAPT. R.S. DHULL,STATE OF HARYANA
1989,ALL INDIA DEMOCRATIC WOMEN'S ASSOCIATION ANDJANWADI SAMITI,UNION OF INDIA & ORS.
1989,BUILDERS ASSOCIATIONS OF INDIA,UNION OF INDIA
1989,SUPREME COURT LEGAL SERVICES COMMITTEE,U.O.I. .
1989,DINAJI &ORS,DADDI
1989,B.K.C. MURUGA KONAR (DEAD) BY LRS. & ORS.,V. SETHA KONE & ORS.
1989,VELLORE ELECTRIC CORPN.LTD.,STATE OF TAMIL NADU &ORS
1990,RURAL LITIGATION AND ENTITLEMENT KENDRAAND ORS.,STATE OF U.P. AND ORS.
1990,UNION OF INDIA,STATE OF PUNJAB
1990,UNION OF INDIA,D.C.M. LTD. .
1990,"COMMNR. OF CENTRAL EXCISE, GOA",M/S. FUNSKOOL (INDIA) LTD.
1990,PRATAP SINGH,STATE OF HARYANA .
1990,TATA POWER COMPANY LTD.,RELIANCE ENERGY LTD. .
1991,IN THE MATTER OF CAUVERY WATER DISPUTES TRIBUNAL,STATE OF PUNJAB
1991,UNION OF INDIA,STATE OF PUNJAB
1991,DARYAO SINGH,STATE OF MADHYA PRADESH
1991,RAJENDRA,STATE OF M.P.
1991,ALL INDIA JUDGES ASSOCIATION,UNION OF INDIA
1991,STATE OF PUNJAB,IQBAL SINGH AND ORS.
1992,"RAJANGAM, SECRETARY,DISTRICT BEEDI WORKERS' UNION AND ORS.",STATE OF TAMIL NADU AND ORS.
1992,UNION OF INDIA,STATE OF PUNJAB
1992,THE ATLAS CYCLE INDUSTRIES LTD.,THE STATE OF HARYANA .
1992,P.K. JAISWAL,DEBI MUKHERJEE .
1992,M/S.DAGI RAM PINDI LALL,TRILOK CHAND JAIN .
1992,FOOD CORPORATION OF INDIA,H.N. BHARATI
1993,JOHN D'SOUZA,EDWARD ANI
1993,UNION OF INDIA,STATE OF PUNJAB
1993,UNION OF INDIA,STATE OF PUNJAB
1993,UNION OF INDIA,STATE OF PUNJAB
1993,UNION OF INDIA,STATE OF PUNJAB
1993,UNION OF INDIA,STATE OF PUNJAB
1994,SMT. HARBANS KAUR,UNION OF INDIA & ORS.
1994,UNION OF INDIA,STATE OF PUNJAB
1994,UNION OF INDIA,STATE OF PUNJAB
1994,UNION OF INDIA,STATE OF PUNJAB
1994,UNION OF INDIA,STATE OF PUNJAB
1994,UNION OF INDIA,STATE OF PUNJAB
1995,BALAJI RAGHAVAN [IN T.C.(C) NO.9/94]S.P. ANAND [IN T.C.(C),STATE OF PUNJAB
1995,UNION OF INDIA,STATE OF PUNJAB
1995,UNION OF INDIA,STATE OF PUNJAB
1995,UNION OF INDIA,STATE OF PUNJAB
1995,UNION OF INDIA,STATE OF PUNJAB
1995,UNION OF INDIA,STATE OF PUNJAB
1996,LOHARA STEEL INDUSTRIES LTD. & ANR.,THE STATE OF ANDHRA PRADESH & ANR.
1996,UNION OF INDIA,STATE OF PUNJAB
1996,UNION OF INDIA,STATE OF PUNJAB
1996,UNION OF INDIA,STATE OF PUNJAB
1996,UNION OF INDIA,STATE OF PUNJAB
1996,UNION OF INDIA,STATE OF PUNJAB
1997,THE ORISSA ELECTRICAL ENGINEERS' SERVICE ASSOCIATION,STATE OF ORISSA & ORS.
1997,UNION OF INDIA,STATE OF PUNJAB
1997,UNION OF INDIA,STATE OF PUNJAB
1997,UNION OF INDIA,STATE OF PUNJAB
1997,UNION OF INDIA,STATE OF PUNJAB
1997,UNION OF INDIA,STATE OF PUNJAB
1998,"SECRETARY, DEVASTHAN MANAGEMENT COMMITTEE, WESTERN",V.BHIMANNA MALLAPPA MALI & Ors.
1998,UNION OF INDIA,STATE OF PUNJAB
1998,UNION OF INDIA,STATE OF PUNJAB
1998,UNION OF INDIA,STATE OF PUNJAB
1998,UNION OF INDIA,STATE OF PUNJAB
1998,UNION OF INDIA,STATE OF PUNJAB
1999,H.V.  JAVA RAM,INDUSTRIAL CREDIT AND INVESTMENT CORPORATION OF INDIA LTD.
1999,UNION OF INDIA,STATE OF PUNJAB
1999,UNION OF INDIA,STATE OF PUNJAB
1999,UNION OF INDIA,STATE OF PUNJAB
1999,UNION OF INDIA,STATE OF PUNJAB
1999,UNION OF INDIA,STATE OF PUNJAB
2000,M.M. DOLICHAN & ORS.,STATE OF KERALA & ORS.
2000,UNION OF INDIA,STATE OF PUNJAB
2000,UNION OF INDIA,STATE OF PUNJAB
2000,UNION OF INDIA,STATE OF PUNJAB
2000,UNION OF INDIA,STATE OF PUNJAB
2000,UNION OF INDIA,STATE OF PUNJAB
2001,PATEL HIRALAL JOITARAM,STATE OF PUNJAB
2001,UNION OF INDIA,STATE OF PUNJAB
2001,UNION OF INDIA,STATE OF PUNJAB
2001,UNION OF INDIA,STATE OF PUNJAB
2001,UNION OF INDIA,STATE OF PUNJAB
2001,UNION OF INDIA,STATE OF PUNJAB
2002,NAGINA SINGH & ORS.,NAGA SINGH & ORS.
2002,UNION OF INDIA,STATE OF PUNJAB
2002,UNION OF INDIA,STATE OF PUNJAB
2002,UNION OF INDIA,STATE OF PUNJAB
2002,UNION OF INDIA,STATE OF PUNJAB
2002,UNION OF INDIA,STATE OF PUNJAB
2003,John Vallamattom & Anr.,Union of India
2003,UNION OF INDIA,STATE OF PUNJAB
2003,UNION OF INDIA,STATE OF PUNJAB
2003,UNION OF INDIA,STATE OF PUNJAB
2003,UNION OF INDIA,STATE OF PUNJAB
2003,UNION OF INDIA,STATE OF PUNJAB
2004,Rameshchandra Rampratapji Daga,Rameshwari Rameshchandra Daga
2004,UNION OF INDIA,STATE OF PUNJAB
2004,UNION OF INDIA,STATE OF PUNJAB
2004,RAM SEWAK SHARMA,GURUMUKH DAS SALUJA .
2004,"COLLECTOR OF CENT.EXCISE,PATNA",M/S.TATA IRON & STEEL CO. LTD.
2004,SAHDEO,STATE OF U.P.
2005,HAJI KHAN,STATE OF UTTAR PRADESH
2005,ANIGLASE YOHANNAN,RAMLATHA .
2005,PRATAP SINGH,STATE OF M.P.
2005,K.S.R.T.C.,S.G.KOTTURAPPA
2005,V.D.CHAUDHARY,STATE OF U.P.
2005,SECY.DEPTT. OF HOME SECY. A.P.,B. CHINNAM NAIDU
2006,UNION OF INDIA,STATE OF PUNJAB
2006,UNION OF INDIA,STATE OF PUNJAB
2006,UNION OF INDIA,STATE OF PUNJAB
2006,UNION OF INDIA,STATE OF PUNJAB
2006,UNION OF INDIA,STATE OF PUNJAB
2006,UNION OF INDIA,STATE OF PUNJAB
2007,UNION OF INDIA,STATE OF PUNJAB
2007,UNION OF INDIA,STATE OF PUNJAB
2007,"MANAGER,ICICI BANK LTD.",PRAKASH KAUR .
2007,HARDESH ORES PVT.LTD.,M/S HEDE & CO.
2007,M/S. HEINZ ITALIA,M/S. DABUR INDIA LTD.
2007,SECRETARY TO GOVERNMENT,M/S. PEEKAY RE-ROLLING MILLS (P) LTD.
2008,JARNAIL SINGH,RAMESH KUMAR
2008,SURESH CHANDRA AGARWAL,FAKIR CHANDRA GOVILA
2008,SUBRAMANIAN SWAMY,ELECTION COMMISSION OF INDIA THR.SEC.
2008,GODFREY PHILLIPS INDIA LTD.,AJAY KUMAR
2008,SOMESH TIWARI,UNION OF INDIA .
2008,HAR SINGH,STATE OF UTTARAKHAND
2009,DR.B.N.HOSPITAL & N.HOSPITAL RES.CENTRE,"COMMISSIONER OF CUSTOMS, MUMBAI"
2009,M.P. PALANISAMY,A. KRISHNAN .
2009,R. VENKATAKRISHNAN,CENTRAL BUREAU OF INVESTIGATION
2009,M. PACHIAPPAN,S. MARKANDAM .
2009,SURAIN SINGH,STATE OF PUNJAB
2009,GURVACHAN KAUR,SALIKRAM (DEAD) THROUGH LRS.
2010,"COMMNR. OF CENTRAL EXCISE, CHANDIGARH",M/S. SHITAL INTERNATIONAL
2010,SATYA PRAKASH,STATE OF BIHAR .
2010,VINAYKISHORE PUNAMCHANDJI MUNDHADA&ANR.,BHUMI KALPTRU .
2010,HIRABHAI JHAVERBHAI,STATE OF GUJARAT .
2010,STATE OF HARYANA,SATISH KUMAR MITTAL
2010,BHIM SINGH,U.O.I
2011,RAJESHWARI,ORIENTAL INSURANCE CO. LTD
2011,BACHCHU SINGH,STATE OF U.P. .
2011,JALPAT RAI,STATE OF HARYANA
2011,PREM PARKASH PAHWA,UNITED COMMERCIAL BANK AND ANR.UCO BANK
2011,C. MOHANRAJU,"DIVISIONAL MANAGER, UNIT.IND.ASS.CO&ANR."
2011,NILESH DINKAR PARADKAR,STATE OF MAHARASHTRA
2012,RAJESH BHATNAGAR,STATE OF UTTARAKHAND
2012,LAKHAN,STATE OF MADHYA PRADESH
2012,VASANTI BHAT,PREMLATA A AGARWAL & ANR ETC.
2012,K. SURESH,NEW INDIA ASSURANCE CO.LTD
2012,SPEAKER HARYANA VIDHAN SABHA,KULDEEP BISHNOI .
2012,SINNAMANI,G. VETTIVEL .
2013,ALLAHABAD BANK,A.C.AGGARWAL
2013,PADMALAYAN,SARASAN
2013,PALWINDER SINGH,STATE OF PUNJAB
2013,MAHALAXMI COOP.HOUS.SOC.LTD.& ETC.,ASHABHAI ATMARAM PATEL(D) TR.LR..
2013,RAMJI GUPTA,GOPI KRISHAN AGRAWAL (D) .
2013,CHEBROL SRIRAMALU,VAKALAPUDI SATYANARAYANA
2014,B.JAYARAJ,STATE OF A.P.
2014,STATE OF UTTARAKHAND,KANHAYA LAL
2014,EDMUND S LYNGDOH,STATE OF MEGHALAYA
2014,U.P STATE ROAD TRANSPORT CORPORATION &AN,ZAHID HUSSAIN
2014,J.N. CHAUDHARY & ORS. ETC.,J.N. CHAUDHARY . ETC.
2014,PUNJAB UNIVERSITY,UNIT TRUST OF INDIA .
2015,STATE OF KARNATAKA TR.SEC.HSG.& URB.&ANR,VASAVADATTA CEMENT
2015,PRIYANKA SRIVASTAVA,STATE OF U.P..
2015,M/S.SOORAJMULL NAGARMULL,STATE OF BIHAR .
2015,JITENDRA KHIMSHANKAR TRIVEDI,KASAM DAUD KUMBHAR .
2015,M/S. SATNAM OVERSEAS LTD.,"COMMNR. OF CENTRAL EXCISE, NEW DELHI"
2015,D. VELAYUTHAM,STATE REP.BY INSPECTOR OF POLICE
2016,"STATE THR.LOKAYUKTA POLICE,RAICHUR",C.N.MANJUNATH
2016,DELHI DEVELOPMENT AUTHORITY,AJAY SINGHAL
2016,"LAND ACQUISITION OFFICER, A.P.",RAVI SANTOSH REDDY (D) BY LRS.
2016,D.T.C.,GIAN CHAND
2016,MANEESH BAWA,"SPECIAL LAND ACQUISITION OFFICER (7), BOMBAY"
2016,LATE LT. CDR. ALOK AMBASTHA (D) THR. HIS LR. MS. PRITI AMBASTHA,UNION OF INDIA .
2017,STATE OF UTTAR PRADESH,MAWANA SUGARS LTD.
2017,STATE OF HARYANA,RAM PARSAD
2017,PUNJAB STATE CIVIL SUPPLIES CORPORATION LTD. AND ANR.,M/S. ATWAL RICE AND GENERAL MILLS
2017,SHIVALA BHIKHAMSAR,BABLIR KUMAR JATTI .
2017,MOHINDER KAUR,DIAL KAUR @ GURDIAL KAUR
2017,MAHARAJA AMRINDER SINGH,"COMNR. OF WEALTH TAX,PATIALA"
2018,"COMMISSIONER OF CENTRAL EXCISE, MADURAI",M/S. SRI VIGNESWARA COTTON MILLS LTD.
2018,RABARI PRABHATBHAI GUGUBHAI,STATE OF GUJARAT .
2018,M/S EUREKA BUILDERS,GULABCHAND DEAD BY LRS AND ORS ETC ETC
2018,NABA PARJAY WEST BENGAL PRIMARY ORGANIZER TEACHERS ASSOCAITION REP. BY ITS ASSISTANT SECRETARY,THE STATE OF WEST BENGAL AND ORS THROUGH SECRETARY DEPARTMENT OF EDUCATION
2018,THE STATE OF MADHYA PRADESH,SHRIRAM .
2018,THE ORIENTAL INSURANCE CO. LTD.,USHA BHAGCHANDANI
2019,MUKESH CHAND,THE STATE (NCT) OF DELHI
2019,ABDUL HAKEEM M.A.,MAHATMA GANDHI UNIVERSITY
2019,CARETEL INFOTECH LTD.,HINDUSTAN PETROLEUM CORPORATION LIMITED
2019,FEDERATION HAJ PTOS OF INDIA,UNION OF INDIA
2019,YASHWANT SINHA,CENTRAL BUREAU OF INVESTIGATION THROUGH ITS DIRECTOR
2019,PERRY KANSAGRA,SMRITI MADAN KANSAGRA
2020,SATISHKUMAR NYALCHAND SHAH,THE STATE OF GUJARAT
2020,ADDISSERY RAGHAVAN,CHERUVALATH KRISHNADASAN
2020,THE ADDITIONAL COMMISSIONER REVENUE,AKHALAQ HUSSAIN .
2020,M.E. SHIVALINGAMURTHY,"CENTRAL BUREAU OF INVESTIGATION, BENGALURU"
2020,B.K. RAVICHANDRA,UNION OF INDIA
2020,"CHAIRMAN, BOARD OF TRUSTEES, C.P.T.",M/S AREBEE STAR MARITIME AGEN.PVT.L
2021,UNION OF INDIA,ASSOCIATION OF UNIFIED TELECOM SERVICEPROVIDERS OF INDIA AND  ORS
2021,INDEX MEDICAL COLLEGE HOSPITAL AND RESEARCH CENTER,THE STATE OF MADHYA PRADESH
2021,ARCHANA RANA,THE STATE OF UTTAR PRADESH
2021,THE EMPLOYEES STATE INSURANCE CORPORATION,M/S. TEXMO INDUSTRIES
2021,KALOJI NARAYANA RAO UNIVERSITY OF HEALTH SCIENCES,SRIKEERTI REDDI PINGLE
2021,IL AND FS ENGINEERING AND CONSTRUCTIONS COMPANY LTD.,M/S BHARGAVARAMA CONSTRUCTIONS
2022,KALYANI (DEAD) THROUGH LRS.,THE SULTHAN BATHERY MUNICIPALITY
2022,KANTHA VIBHAG YUVA KOLI SAMAJ PARIVARTAN TRUST,THE STATE OF GUJARAT
2022,OLX INDIA B.V.,THE STATE OF HARYANA
2022,M.P. MEDICAL OFFICERS ASSOCIATION,THE STATE OF MADHYA PRADESH
2022,MANOJ KUMAR TIWARI,MANISH SISODIA
2022,SURJEET SINGH SAHNI,STATE OF U.P.
2023,AMD INDUSTRIES LIMITED (EARLIER KNOWN AS M/S.ASHOKA METAL DECOR PVT.LTD),"COMMISSIONER OF TRADE TAX,LUCKNOW"
2023,M/S. GODREJ SARA LEE LTD.,THE EXCISE AND TAXATION OFFICER CUM ASSESSING AUTHORITY
2023,CENTRAL BUREAU OF INVESTIGATION,SANTOSH KARNANI
2023,CENTRAL BUREAU OF INVESTIGATION,VIKAS MISHRA @ VIKASH MISHRA
2023,SOORI @ T.V. SURESH,THE STATE OF KARNATAKA
2023,BAR COUNCIL OF INDIA,RABI SAHU .
